FirstName	LastName	Domain	Email	Notes
Team	Member	askequityconnect.com	info@askequityconnect.com	General inbox
Team	Member	equityconnectadvisor.com	info@equityconnectadvisor.com	General inbox
Team	Member	equityconnectcenter.com	info@equityconnectcenter.com	General inbox
Team	Member	equityconnecthelp.com	info@equityconnecthelp.com	General inbox
Team	Member	equityconnecthome.com	info@equityconnecthome.com	General inbox
Team	Member	equityconnecthq.com	info@equityconnecthq.com	General inbox
Team	Member	equityconnectinfo.com	info@equityconnectinfo.com	General inbox
Team	Member	equityconnectlending.com	info@equityconnectlending.com	General inbox
Team	Member	equityconnectnow.com	info@equityconnectnow.com	General inbox
Team	Member	equityconnectpro.com	info@equityconnectpro.com	General inbox
Team	Member	equityconnectreverse.com	info@equityconnectreverse.com	General inbox
Team	Member	equityconnectsolutions.com	info@equityconnectsolutions.com	General inbox
Team	Member	getequityconnect.com	info@getequityconnect.com	General inbox
Team	Member	goequityconnect.com	info@goequityconnect.com	General inbox
Team	Member	yourequityconnect.com	info@yourequityconnect.com	General inbox
